<?xml version="1.0" encoding="UTF-8"?>
<metadata xml:lang="en"><Esri><CreaDate>20241031</CreaDate><CreaTime>15023100</CreaTime><ArcGISFormat>1.0</ArcGISFormat><SyncOnce>TRUE</SyncOnce><DataProperties><lineage><Process ToolSource="c:\program files\arcgis\pro\Resources\ArcToolbox\toolboxes\Conversion Tools.tbx\ExportTable" Date="20241031" Time="150231">ExportTable sa12 U:\Stats\Tables\Export\12E.csv # NOT_USE_ALIAS "COUNT "COUNT" true true false 8 Double 0 0,First,#,sa12,COUNT,-1,-1" #</Process><Process ToolSource="c:\program files\arcgis\pro\Resources\ArcToolbox\toolboxes\Conversion Tools.tbx\ExportTable" Date="20241031" Time="150445">ExportTable sa12 U:\Stats\Tables\Export\12E.csv # NOT_USE_ALIAS "COUNT "COUNT" true true false 8 Double 0 0,First,#,sa12,COUNT,-1,-1;AREA_First "AREA_First" true true false 255 Double 0 0,First,#,u:\stats\tables\sa12,AREA,-1,-1;FID_First "FID_First" true true false 255 Long 0 0,First,#,u:\stats\tables\sa12,FID,-1,-1;MEAN_First "MEAN_First" true true false 255 Double 0 0,First,#,u:\stats\tables\sa12,MEAN,-1,-1;Rowid_First "Rowid_First" true true false 255 Long 0 0,First,#,u:\stats\tables\sa12,Rowid,-1,-1;STD_First "STD_First" true true false 255 Double 0 0,First,#,u:\stats\tables\sa12,STD,-1,-1" #</Process><Process ToolSource="c:\program files\arcgis\pro\Resources\ArcToolbox\toolboxes\Conversion Tools.tbx\ExportTable" Date="20241031" Time="150744">ExportTable sa12 U:\Stats\Tables\Export\12E.csv # NOT_USE_ALIAS "FID_First "FID_First" true true false 255 Long 0 0,First,#,u:\stats\tables\sa12,FID,-1,-1;COUNT "COUNT" true true false 8 Double 0 0,First,#,sa12,COUNT,-1,-1;MEAN_First "MEAN_First" true true false 255 Double 0 0,First,#,u:\stats\tables\sa12,MEAN,-1,-1;STD_First "STD_First" true true false 255 Double 0 0,First,#,u:\stats\tables\sa12,STD,-1,-1" #</Process></lineage></DataProperties></Esri></metadata>
