<?xml version="1.0" encoding="UTF-8"?>
<metadata xml:lang="en"><Esri><CreaDate>20241031</CreaDate><CreaTime>15085400</CreaTime><ArcGISFormat>1.0</ArcGISFormat><SyncOnce>TRUE</SyncOnce><DataProperties><lineage><Process ToolSource="c:\program files\arcgis\pro\Resources\ArcToolbox\toolboxes\Conversion Tools.tbx\ExportTable" Date="20241031" Time="150854">ExportTable sa14 U:\Stats\Tables\Export\14E.csv # NOT_USE_ALIAS "FID "FID" true true false 4 Long 0 0,First,#,sa14,FID,-1,-1;COUNT "COUNT" true true false 8 Double 0 0,First,#,sa14,COUNT,-1,-1;MEAN "MEAN" true true false 8 Double 0 0,First,#,sa14,MEAN,-1,-1;STD "STD" true true false 8 Double 0 0,First,#,sa14,STD,-1,-1" #</Process></lineage></DataProperties></Esri></metadata>
