<?xml version="1.0" encoding="UTF-8"?>
<metadata xml:lang="en"><Esri><CreaDate>20241031</CreaDate><CreaTime>15104900</CreaTime><ArcGISFormat>1.0</ArcGISFormat><SyncOnce>TRUE</SyncOnce><DataProperties><lineage><Process ToolSource="c:\program files\arcgis\pro\Resources\ArcToolbox\toolboxes\Conversion Tools.tbx\ExportTable" Date="20241031" Time="151049">ExportTable sa18 U:\Stats\Tables\Export\18E.csv # NOT_USE_ALIAS "FID "FID" true true false 4 Long 0 0,First,#,sa18,FID,-1,-1;COUNT "COUNT" true true false 8 Double 0 0,First,#,sa18,COUNT,-1,-1;MEAN "MEAN" true true false 8 Double 0 0,First,#,sa18,MEAN,-1,-1;STD "STD" true true false 8 Double 0 0,First,#,sa18,STD,-1,-1" #</Process></lineage></DataProperties></Esri></metadata>
